uid,condition,bot,anxiety_pep1,anger_pep1,anxiety_pep2,anger_pep2,post_rumination,green_r1,green_r2,red_r1,red_r2,yellow_r1,yellow_r2,blue_r1,blue_r2,clear_r1,clear_r2,steps_r1,steps_r2,r1_score,r2_score,C1_E0_msg_ALL_avg_char_length,C1_E0_msg_ALL_total_occurences,C1_E0_msg_COLLAB_avg_char_length,C1_E0_msg_COLLAB_total_occurences,C1_E0_msg_NON_COLLAB_avg_char_length,C1_E0_msg_NON_COLLAB_total_occurences,C1_E1_msg_ALL_avg_char_length,C1_E1_msg_ALL_total_occurences,C1_E1_msg_COLLAB_avg_char_length,C1_E1_msg_COLLAB_total_occurences,C1_E1_msg_NON_COLLAB_avg_char_length,C1_E1_msg_NON_COLLAB_total_occurences,C1_E2_msg_ALL_avg_char_length,C1_E2_msg_ALL_total_occurences,C1_E2_msg_COLLAB_avg_char_length,C1_E2_msg_COLLAB_total_occurences,C1_E2_msg_NON_COLLAB_avg_char_length
60ac66a8e1bf5a1c51fa864c,3,0,8.666666667,2,4.333333333,1.5,6,2,3,1,0,0,1,0,0,0,0,184,237,40,30,0,0,0,0,0,0,0,0,0,0,0,0,0,0,0,0,0
605bc8caf9e0b0f799baf6da,3,1,0,0,0,0,1,13,19,9,10,0,0,0,0,0,0,1091,1231,310,390,0,0,0,0,0,0,0,0,0,0,0,0,0,0,0,0,0
615224b6fec95dfc43439c28,1,0,6.333333333,0,3,0,4,2,7,0,2,0,0,0,0,0,0,303,416,20,110,0,0,0,0,0,0,0,0,0,0,0,0,0,0,0,0,0
5d7cefc73f9ae70018b400f1,2,0,0,0,0,0,6,12,15,4,3,0,3,1,1,0,0,882,1125,200,210,0,0,0,0,0,0,34,1,34,1,0,0,41,1,41,1,0
614f6bad672ef7cf5ecfd965,1,0,20,25,25,25.5,4.5,3,9,2,3,1,3,0,0,0,0,363,400,70,150,0,0,0,0,0,0,0,0,0,0,0,0,0,0,0,0,0
61648924703ce94330ded714,1,0,36,19.5,30.33333333,10.5,6,6,12,3,7,1,2,0,0,1,0,279,655,120,260,0,0,0,0,0,0,12.66666667,3,12.66666667,3,0,0,12,3,12,3,0
6108004ce6afe356277ea875,3,0,4.333333333,0.5,9,0,4,7,13,5,6,0,0,0,1,0,0,737,668,170,250,0,0,0,0,0,0,0,0,0,0,0,0,12,1,12,1,0
616dd3845b2624e9720392fd,2,0,0,0,0,0,7,8,10,1,5,0,1,0,0,0,0,688,690,100,200,0,0,0,0,0,0,0,0,0,0,0,0,0,0,0,0,0
6109b45f7cf3658ba670f458,2,0,10.66666667,0,4.666666667,0,6.5,1,9,0,0,0,0,1,0,0,0,362,584,10,90,0,0,0,0,0,0,21,1,21,1,0,0,16.5,2,16.5,2,0
611c23757abaf647e15742ef,3,0,52,0,0,0,6,11,17,4,5,2,5,2,4,0,2,716,994,190,270,0,0,0,0,0,0,21.5,2,21.5,2,0,0,15,7,17,6,3
610810f532bc885e17a6ce8a,3,0,15,23.5,35.66666667,10,4,13,15,5,7,0,4,0,0,0,0,834,874,230,290,11,1,0,0,11,1,0,0,0,0,0,0,0,0,0,0,0
5a9262251eda410001360b2c,1,0,5.333333333,49,18.66666667,1.5,6,5,3,3,1,2,1,0,0,0,2,573,497,110,50,0,0,0,0,0,0,27,1,27,1,0,0,21.75,4,24,3,15
60b63b1f1d8a6fc4d72d5328,2,0,20.66666667,0,26,1,7,0,4,0,5,0,0,0,0,0,0,656,2092,0,140,0,0,0,0,0,0,0,0,0,0,0,0,5.2,5,5.75,4,3
61003dc52ef1560d130aa57b,1,0,3.333333333,50,3.333333333,5,3.5,0,0,0,0,0,0,0,0,0,0,0,0,0,0, , , , , , , , , , , , , , , , , 
5de33ff0cc246f3633dc01d2,2,0,3.666666667,2.5,3.666666667,0.5,4.5,3,0,1,0,1,0,0,0,0,0,268,645,50,0,0,0,0,0,0,0,27,2,37,1,17,1,44.75,4,35,1,48
5c0a22affe40eb00016262b6,2,0,0,0,0,0,2.5,9,10,2,3,2,2,0,2,1,0,583,700,130,160,0,0,0,0,0,0,29,1,29,1,0,0,15,2,15,2,0
5bc640334b3be500012d36aa,3,0,45.66666667,0,53.66666667,0,6.5,12,14,6,5,3,2,3,4,3,4,785,1098,240,240,40,1,40,1,0,0,24.28571429,7,24.28571429,7,0,0,15.875,8,15.875,8,0
5f5fa55d3aa555022fd411bc,2,0,12.33333333,8.5,8,6.5,4.5,9,13,4,4,1,2,0,0,1,1,574,831,170,210,0,0,0,0,0,0,37,1,37,1,0,0,23,1,23,1,0
61018830046d35da29ee579c,1,0,46.66666667,0,36.66666667,0,6,7,4,3,3,0,2,2,3,0,0,652,1032,130,100,0,0,0,0,0,0,13.75,4,17,2,10.5,2,17.33333333,3,17.33333333,3,0
6111f6dd3185666f57fa884a,2,0,1,1,5.333333333,0,6.5,17,12,7,7,1,3,2,6,0,3,802,747,310,260,41,1,41,1,0,0,24,2,24,2,0,0,21.75,8,21.75,8,0
5e3b9b820014e23ad71813c8,1,0,64,65,66,31.5,5,9,14,3,3,3,3,1,3,0,0,682,745,150,200,0,0,0,0,0,0,26.5,2,45,1,8,1,11.33333333,3,11.33333333,3,0
6009eee6721c400d92d4cd39,1,0,6.666666667,27,10,0,5.5,13,12,4,7,0,0,2,2,0,0,637,844,210,260,33,1,33,1,0,0,15,2,15,2,0,0,14.33333333,3,13.5,2,16
5ffd0c9a38e1701dd161d59b,3,0,9,0,0,0,6,9,14,3,8,3,3,5,2,0,0,591,803,150,300,26,3,17,1,30.5,2,21.8,5,21.8,5,0,0,14.5,2,14.5,2,0
5dbaded2af6b8e0e8c3632ed,3,0,0.333333333,0,0,0,3.5,10,9,5,8,0,0,0,0,0,0,604,770,200,250,0,0,0,0,0,0,0,0,0,0,0,0,0,0,0,0,0
61083c3043474227a8512bf7,2,0,59,27,42.33333333,20.5,4.5,1,0,0,1,0,0,0,0,0,0,460,757,10,20,0,0,0,0,0,0,0,0,0,0,0,0,0,0,0,0,0
6102f18e52c555bc90330663,3,0,26.33333333,8,17,0.5,2.5,6,7,2,4,0,2,0,0,0,0,643,448,100,150,5,1,0,0,5,1,0,0,0,0,0,0,0,0,0,0,0
60fd5c8e6cb095519d143d6a,2,0,8.333333333,1.5,17.33333333,1,7,5,5,2,0,0,1,2,2,0,2,520,920,90,50,0,0,0,0,0,0,13.5,4,17,2,10,2,15.4,5,16.25,4,12
5cf08a81f7ab870015139666,3,1,6,0,6,1,3.5,27,26,12,10,0,0,0,0,0,0,2182,2950,510,460,0,0,0,0,0,0,5.6,5,0,0,5.6,5,0,0,0,0,0
5bf3761862e1bc0001f15cb2,3,0,34,13,38.66666667,1.5,4,11,10,5,3,2,2,2,4,2,4,570,747,210,160,18,1,18,1,0,0,19.5,4,19.5,4,0,0,14.5,8,14.5,8,0
612d72360bdd67930d3f85fa,1,0,27,0.5,17,0,5,4,5,3,4,0,0,1,2,0,0,358,564,100,130,0,0,0,0,0,0,21,1,21,1,0,0,19.5,2,19.5,2,0
5f920aa80a785011ef6906e3,2,0,19.33333333,1,2,2,6.5,3,3,1,4,0,1,1,0,0,0,471,556,50,110,0,0,0,0,0,0,20,1,20,1,0,0,0,0,0,0,0
5dd33b9159b1b033ec2cf634,1,0,20,72.5,18,19.5,2.5,11,15,4,8,0,0,0,0,0,0,484,793,190,310,0,0,0,0,0,0,0,0,0,0,0,0,0,0,0,0,0
5a6c076fd5d4cb0001d65a17,1,0,20,1,3.666666667,0.5,2.5,4,7,0,3,0,1,0,0,0,0,955,661,40,130,0,0,0,0,0,0,29,2,0,0,29,2,0,0,0,0,0
5b666901f7798c000182c01c,3,0,10,0,1.666666667,2,2.5,9,14,2,4,0,1,0,0,0,0,544,619,130,220,0,0,0,0,0,0,2,1,0,0,2,1,0,0,0,0,0
60de493b30efe44c987e2d64,1,0,13,2,9.333333333,2,4.5,2,4,3,3,1,0,0,0,0,0,317,191,80,100,0,0,0,0,0,0,0,0,0,0,0,0,0,0,0,0,0
5f76586f6ce6850f223a25ab,2,0,0,0,0,0,6,10,16,4,4,1,4,3,5,0,2,876,778,180,240,0,0,0,0,0,0,21.66666667,3,21.66666667,3,0,0,12.14285714,7,12.14285714,7,0
614f486dfec3358ceeddf175,3,0,90,68,3.333333333,0,5.5,0,10,0,4,0,0,0,3,0,2,1708,697,0,180,0,0,0,0,0,0,16.5,2,0,0,16.5,2,13.5,6,14.4,5,9
60fffe99eaee102311003a3a,3,0,63.33333333,0.5,40.33333333,1,4,12,14,5,5,0,0,0,0,1,0,802,1008,220,240,0,0,0,0,0,0,28,1,28,1,0,0,0,0,0,0,0
6111c95309571f2e5a12b0c7,1,0,29,1,11.33333333,1,4,10,13,2,5,3,3,0,0,0,0,500,641,140,230,0,0,0,0,0,0,0,0,0,0,0,0,0,0,0,0,0
5ddb5ed4a64380abb2907440,3,0,14,1.5,1.333333333,2,4.5,9,12,6,3,0,0,0,0,0,0,729,713,210,180,5,1,0,0,5,1,0,0,0,0,0,0,0,0,0,0,0
6090a9a32b9a685c5cacbbb3,2,0,27.66666667,9,38.33333333,7.5,6,3,8,2,3,0,0,2,4,1,1,401,501,70,140,21,1,21,1,0,0,18.33333333,3,18.33333333,3,0,0,18.6,5,18.6,5,0
6112a0826f404dc5c6ece834,1,0,56,0,46.33333333,0,2.5,17,23,7,9,4,4,1,0,0,0,1091,1779,310,410,0,0,0,0,0,0,27,1,27,1,0,0,0,0,0,0,0
54e32a60fdf99b3eae9de85b,2,0,20.33333333,8.5,29.33333333,12,3.5,12,10,7,4,2,2,0,0,0,0,586,736,260,180,0,0,0,0,0,0,0,0,0,0,0,0,0,0,0,0,0
61435c7574b97803fe574723,2,1,13.33333333,1,25,2.5,5.5,19,25,9,11,3,3,3,1,0,0,1462,1574,370,470,16,1,16,1,0,0,16,4,16,3,16,1,14,2,12,1,16
5ddd923682a527d15a205b32,2,0,23.33333333,1,20.33333333,0.5,4.5,7,11,1,5,2,2,2,3,0,2,397,561,90,210,0,0,0,0,0,0,12.5,2,12.5,2,0,0,16,5,16,5,0
5df82bba9b92b15c27472e5a,2,0,18.66666667,2,9,1.5,5,13,36,5,19,3,7,2,5,1,0,751,1925,230,740,13,1,13,1,0,0,14.33333333,3,14.33333333,3,0,0,13,5,13,5,0
614ff5087d00000408f278d5,2,0,3,5,2.333333333,2.5,2,0,0,0,0,0,0,0,0,0,0,4,4,0,0,0,0,0,0,0,0,23,1,0,0,23,1,0,0,0,0,0
611edfe04f9fc63d5fe3084b,2,1,23.33333333,20,10,40,5,7,13,3,4,0,0,1,2,0,0,353,476,130,210,26,1,26,1,0,0,52.5,2,52.5,2,0,0,13,2,13,2,0
5dd7052c7fb58b000eb7c09f,2,0,1.333333333,1,1.333333333,1.5,5,3,6,1,2,1,1,0,0,0,0,346,401,50,100,0,0,0,0,0,0,0,0,0,0,0,0,0,0,0,0,0
5feb7d263ce806c6a75acc04,1,0,10.66666667,28,9.333333333,68,3,1,0,4,4,0,0,0,0,0,0,828,941,90,80,0,0,0,0,0,0,0,0,0,0,0,0,0,0,0,0,0
5f4e97bf2d361c09ff2a14d3,3,0,1.333333333,1,3.333333333,4,5,8,11,4,5,0,0,0,0,0,0,752,786,160,210,0,0,0,0,0,0,0,0,0,0,0,0,0,0,0,0,0
600c63a5dfb7171357a02440,2,0,60,5.5,53.66666667,10,2,20,30,10,9,4,5,0,0,0,0,1332,1968,400,480,0,0,0,0,0,0,0,0,0,0,0,0,0,0,0,0,0
613b90589da40a5f42ad01b7,1,1,5,11,1.333333333,6.5,2.5,9,14,2,5,1,3,3,0,0,0,376,802,130,240,0,0,0,0,0,0,15,3,15,3,0,0,0,0,0,0,0
60c2670ee246bb9e550f9088,1,0,11.33333333,9,8.666666667,11,2,3,9,2,2,0,0,0,0,0,0,369,446,70,130,0,0,0,0,0,0,0,0,0,0,0,0,0,0,0,0,0
5d75d01a871bc100183b4749,1,0,56.66666667,39,48,32,2,2,12,1,3,1,0,0,0,2,0,501,642,40,180,0,0,0,0,0,0,14,2,14,2,0,0,0,0,0,0,0
5f94a8d5b23c792ffdc1e935,2,1,6.333333333,0,5,0,5,24,26,7,10,0,5,2,0,0,0,1498,1585,380,460,16,1,16,1,0,0,12,2,12,2,0,0,0,0,0,0,0
5fa4c21a04bc5912180291bc,3,0,16.33333333,26,14.33333333,0,5.5,14,17,4,10,3,2,1,1,0,0,1053,1193,220,370,0,0,0,0,0,0,44,1,44,1,0,0,22.66666667,3,30,2,8
5ca24832cc13cf0017659a7a,3,0,24.66666667,14,8.666666667,8,3.5,9,17,2,5,0,0,2,1,0,0,790,869,130,270,0,0,0,0,0,0,14,2,14,2,0,0,15,1,15,1,0
60dfc5c8cad590f9416be8bc,3,0,0,0,0,0,1,8,9,3,5,1,1,2,4,0,1,494,629,140,190,18,1,18,1,0,0,37.5,2,37.5,2,0,0,14,5,14,5,0
61292a3404d387db5b0b2a32,3,0,7.666666667,4.5,0.666666667,2.5,6,18,22,8,8,0,0,0,0,0,0,902,897,340,380,0,0,0,0,0,0,0,0,0,0,0,0,0,0,0,0,0
60feb742c806994e7a6f2940,2,0,20.33333333,7.5,6.333333333,1.5,5,0,0,0,0,0,0,0,0,0,0,44,253,0,0,27,1,0,0,27,1,28,1,0,0,28,1,4,1,0,0,4
566c7564d408ea000519c678,1,0,21.33333333,100,6.333333333,19.5,4.5,3,7,2,2,1,2,0,0,0,0,642,488,70,110,0,0,0,0,0,0,10.5,2,6,1,15,1,20,1,0,0,20
5ef659991d975d12c6e7c555,3,0,2.333333333,1.5,4,2.5,4,8,11,3,6,0,0,1,2,0,0,716,731,140,230,0,0,0,0,0,0,14,1,14,1,0,0,11.5,2,11.5,2,0
60fddca5d7936b5e07c394a2,1,0,50.66666667,56,49.66666667,43.5,5.5,13,14,4,7,0,0,0,0,0,0,880,1024,210,280,0,0,0,0,0,0,0,0,0,0,0,0,0,0,0,0,0
6168bf103be4a9dc6dee93c4,2,0,10,0,13.33333333,0,3.5,26,36,13,14,1,0,1,1,0,0,2327,2070,520,640,0,0,0,0,0,0,9,1,9,1,0,0,12,1,12,1,0
6108967d0848c6a89a6117a9,2,0,47,1.5,43.66666667,0,6,6,5,2,3,0,0,0,2,1,1,572,717,100,110,0,0,0,0,0,0,31,1,31,1,0,0,12.33333333,3,12.33333333,3,0
5fb2cbcafa4c009546a700e2,3,0,0,0,0,0,3,2,4,1,1,0,0,0,0,0,0,418,315,40,60,0,0,0,0,0,0,0,0,0,0,0,0,0,0,0,0,0
5e4a0a67110b3747ea173d60,3,0,39,79,12.66666667,29.5,3.5,1,5,0,1,0,2,1,1,1,2,215,200,10,70,0,0,0,0,0,0,13.5,2,13.5,2,0,0,13.66666667,3,13.66666667,3,0
5f2993920dddf60b87611e5c,1,0,1,45,13.33333333,10.5,5,13,13,4,7,0,2,2,1,0,0,538,902,210,270,0,0,0,0,0,0,19.5,2,19.5,2,0,0,19,2,30,1,8
5fe007bddf84510e83964c4c,3,0,7,5.5,4.333333333,5,7,0,0,0,0,0,0,0,0,0,0,0,0,0,0, , , , , , , , , , , , , , , , , 
5f9b1ec2a1794a2ecec61812,2,1,1,1,1,1,1.5,19,20,8,11,0,0,0,0,0,0,1167,1174,350,420,27,1,27,1,0,0,0,0,0,0,0,0,0,0,0,0,0
5ee11eb5636ea94d3ad43e3b,2,0,9.333333333,3,4.333333333,5,6,0,1,0,1,0,0,0,0,0,0,304,348,0,30,0,0,0,0,0,0,24.5,2,24.5,2,0,0,31,1,31,1,0
60ff2a99571ffa508c4b516f,1,0,0,0,0,0,6,6,8,2,2,0,2,4,3,2,0,855,1040,100,120,0,0,0,0,0,0,15.42857143,7,14.5,6,21,1,12.33333333,3,12.33333333,3,0
5eda8f3cf96cc50eea5c251c,2,0,6.333333333,37,0,0,5,22,23,11,10,5,4,0,4,1,0,2469,2648,440,430,31,1,31,1,0,0,19.5,2,19,1,20,1,22.75,4,22.75,4,0
6171a0b9367669bd8d232674,1,0,52.33333333,75,52,38,5.5,4,4,4,5,1,1,1,3,0,0,720,795,120,140,22,1,0,0,22,1,17,1,17,1,0,0,17.66666667,3,17.66666667,3,0
568899d9d7848e0005399c6b,2,0,15.66666667,9.5,9.333333333,10,5,10,9,8,5,0,0,2,2,0,0,652,753,260,190,0,0,0,0,0,0,13,2,13,2,0,0,13.5,2,13.5,2,0
5d614d8747787f001675c4e0,3,0,15,9,11,2.5,5,4,5,3,2,2,2,0,0,0,0,344,363,100,90,0,0,0,0,0,0,0,0,0,0,0,0,0,0,0,0,0
610432df03feeee09a3d62de,3,0,0,0,0,0,6,6,15,5,5,3,3,1,1,0,0,617,875,160,250,0,0,0,0,0,0,34,1,34,1,0,0,12,1,12,1,0
5bad4be8b712f30001b87947,2,0,66.66666667,10,80,10,3.5,7,11,1,4,2,3,3,5,2,3,637,651,90,190,7,1,7,1,0,0,13.6,5,13.6,5,0,0,15.875,8,15.875,8,0
602c5fd808e6c3528a8ba43b,2,0,35,0,3.333333333,0,4.5,18,18,8,4,3,3,3,7,0,0,998,893,340,260,0,0,0,0,0,0,11.4,5,13.5,4,3,1,8.75,8,9.571428571,7,3
6150979541a05129ba7edfbe,1,0,7.333333333,16.5,20.33333333,28,6,9,9,0,2,0,0,1,0,0,0,499,593,90,130,0,0,0,0,0,0,23,1,23,1,0,0,0,0,0,0,0
5efe4033859ac314b6d79a50,1,0,23.33333333,48.5,6,16,3.5,3,4,2,1,0,0,0,0,0,0,248,363,70,60,0,0,0,0,0,0,10,1,10,1,0,0,6,1,0,0,6
60ff7efcb489b392488f340e,3,0,52.33333333,14.5,20.33333333,9,1.5,13,14,6,9,2,2,0,0,1,0,808,953,250,320,0,0,0,0,0,0,26,1,26,1,0,0,0,0,0,0,0
5f1611b74f568f177ca351c4,2,1,8,0,0,0,5.5,13,11,5,3,1,2,2,1,1,1,587,704,230,170,0,0,0,0,0,0,20.66666667,3,20.66666667,3,0,0,13.5,6,12.25,4,16
5e8d44819163b611f62d706c,0,0, , ,0,0,4,0,0,0,0,0,0,0,0,0,0,0,0,0,0, , , , , , , , , , , , , , , , , 
5ac560359534ba0001c74715,3,0,8,49,4.666666667,4.5,1,20,20,10,11,4,4,0,0,0,0,1240,1650,400,420,0,0,0,0,0,0,0,0,0,0,0,0,0,0,0,0,0
5f0a7dec44c42c19a6c9f6d9,3,0,12,0,12,0,6,2,7,2,2,0,0,0,1,3,2,262,424,60,110,13,1,0,0,13,1,20.5,4,12.66666667,3,44,1,13,3,13,3,0
6110c02b1436b0f7ba5897a7,1,0,22.33333333,96,22,72.5,6,15,16,7,5,1,4,1,0,0,0,885,1024,290,260,0,0,0,0,0,0,18,1,18,1,0,0,0,0,0,0,0
61098e4d45233c111abf1db0,1,0,9.666666667,73,9.666666667,17.5,5.5,11,17,5,8,0,0,0,0,0,0,736,893,210,330,14,1,0,0,14,1,0,0,0,0,0,0,0,0,0,0,0
600c167e28de48080e812884,3,0,0,0,0,0,4.5,2,3,1,1,0,0,1,2,0,0,412,391,40,50,0,0,0,0,0,0,13,2,17,1,9,1,17,2,17,2,0
614f96dbd2ffada13bf93f18,2,0,1.666666667,0,1,1,6,4,3,1,4,0,1,1,1,1,1,330,372,60,110,0,0,0,0,0,0,31,3,35.5,2,22,1,28,3,30,2,24
559ad287fdf99b219a612d22,1,0,1,55.5,0,2.5,4.5,11,22,7,11,0,0,4,0,2,0,756,1139,250,440,1,1,0,0,1,1,14,6,14,6,0,0,0,0,0,0,0
5d5497857aff650001a18c3c,3,0,48,38,38.33333333,9,4.5,2,9,2,2,2,3,0,2,0,0,473,416,60,130,0,0,0,0,0,0,18,2,18,2,0,0,16,4,16,4,0
5a69b952f561b400011e188d,1,0,27,50.5,20.33333333,0,3.5,4,4,2,2,0,0,0,0,0,0,297,319,80,80,0,0,0,0,0,0,0,0,0,0,0,0,0,0,0,0,0
5e16c978783225c8108ef055,2,0,0,0,0,0,3.5,3,9,0,1,1,1,0,0,0,0,532,671,30,110,0,0,0,0,0,0,0,0,0,0,0,0,0,0,0,0,0
5fe27500a85a2465b973b9df,1,0,5.333333333,9,2.666666667,2,5,7,6,0,2,0,0,0,0,1,3,287,402,70,100,0,0,0,0,0,0,20,1,20,1,0,0,21.33333333,3,21.33333333,3,0
6095d1be2f663b205d047133,2,1,3.333333333,51,0,40,3,5,24,2,10,0,0,0,0,0,0,736,1460,90,440,0,0,0,0,0,0,0,0,0,0,0,0,0,0,0,0,0
614e22baed17f763e7d7593a,2,0,0,0,0,0,4.5,15,16,5,5,1,3,1,0,0,0,650,776,250,260,14,1,0,0,14,1,17,1,17,1,0,0,7,1,7,1,0
600d2374fc62894e74517f13,1,1,30.33333333,22.5,24,24,3,15,17,8,9,3,2,0,0,0,0,970,1232,310,350,4,1,0,0,4,1,0,0,0,0,0,0,0,0,0,0,0
60144cac1e8f203e861fc5f6,1,0,20.66666667,80,12,39,4.5,8,7,2,2,0,0,0,2,1,0,594,756,120,110,0,0,0,0,0,0,12,1,12,1,0,0,13,2,13,2,0
61082e948ef64d7be2877728,3,1,11.33333333,0,8.333333333,0,4,9,14,9,9,1,0,0,4,0,0,1735,1559,270,320,0,0,0,0,0,0,9,1,0,0,9,1,12,4,12,4,0
56e6a66af6ed900006a5867c,1,1,76.33333333,15,41.33333333,10,1.5,22,21,9,8,3,2,0,0,0,0,1021,1105,400,370,5,1,0,0,5,1,0,0,0,0,0,0,0,0,0,0,0
5fd02fea84bdb809404020a2,1,0,88.66666667,77.5,86,81.5,4.5,9,13,3,4,0,0,0,0,0,0,1015,872,150,210,0,0,0,0,0,0,0,0,0,0,0,0,0,0,0,0,0
5eacb9950c7a9532645a3dca,3,1,13,2.5,2.666666667,2,3,11,15,5,5,0,0,3,3,0,0,763,913,210,250,0,0,0,0,0,0,10,3,10,3,0,0,12.66666667,3,12.66666667,3,0
6101652deeafbb4a9f346388,2,0,72.33333333,36.5,65,31.5,7,13,17,6,8,4,3,1,3,0,0,741,869,250,330,2,1,0,0,2,1,13.66666667,3,15.5,2,10,1,11.66666667,3,11.66666667,3,0
605770450751207a2cb288a9,3,1,0,0,0,0,5.5,8,12,1,3,0,1,3,3,3,7,658,753,100,180,13,1,13,1,0,0,20.33333333,6,20.2,5,21,1,12.1,10,12.1,10,0
5f5c4b9c062e0f43a15ed050,0,1, , ,0,0,3.5,0,0,0,0,0,0,0,0,0,0,0,0,0,0, , , , , , , , , , , , , , , , , 
614111ccec805c8c6ebd9c59,1,0,5.333333333,18,0.333333333,18.5,4.5,18,31,6,11,3,6,0,0,0,0,1277,2204,300,530,8,1,0,0,8,1,0,0,0,0,0,0,0,0,0,0,0
60fdd7ce470f6c1005cb87cb,3,1,0,0,0,0,4,10,6,4,2,2,1,2,1,0,0,529,781,180,100,0,0,0,0,0,0,14.5,2,14.5,2,0,0,17,1,17,1,0
601478ee2d7cc94b1f1855ec,3,1,0.666666667,1,4.333333333,1,4.5,14,9,5,3,1,2,2,1,0,0,536,761,240,150,0,0,0,0,0,0,9.666666667,6,11,4,7,2,9.5,2,13,1,6
599da50e17c03c000151b18b,2,0,49.33333333,61.5,48.33333333,57,4,4,7,2,3,1,2,1,0,0,0,342,431,80,130,0,0,0,0,0,0,14,1,14,1,0,0,0,0,0,0,0
610a30b7a800f225aa297939,1,0,35,21.5,28.33333333,11,5.5,10,12,5,7,1,2,4,3,1,1,625,876,200,260,0,0,0,0,0,0,19.33333333,6,19.33333333,6,0,0,29.5,4,29.5,4,0
5de3658d5feb6e3736bd3672,1,0,1,19.5,0.666666667,16,3.5,8,12,1,7,1,2,2,0,0,0,716,747,100,260,0,0,0,0,0,0,16.5,2,16.5,2,0,0,0,0,0,0,0
5c0765e10ea1410001a9dc5f,2,0,27,0,7.333333333,0,5,2,3,1,1,0,0,0,0,0,0,231,363,40,50,0,0,0,0,0,0,0,0,0,0,0,0,0,0,0,0,0
5f4c500d2a325c74a03597c4,3,0,54.33333333,45,17,34,3,18,11,7,6,0,3,0,0,0,0,1713,1145,320,230,0,0,0,0,0,0,0,0,0,0,0,0,0,0,0,0,0
5bdcd88176d6d50001bc3849,1,0,1,11.5,2,13.5,3,5,6,2,1,0,0,2,1,1,4,529,970,90,80,0,0,0,0,0,0,19,3,19,3,0,0,29.8,5,29.8,5,0
5917a80890da230001914301,1,0,3.333333333,24,5.666666667,5,4.5,8,8,2,4,0,0,3,0,0,0,514,732,120,160,0,0,0,0,0,0,31,3,31,3,0,0,16.5,4,14.5,2,18.5
608b7cf47674d3bdb4ea0b6d,1,0,37,95,66.33333333,45.5,4,13,13,5,6,1,0,1,3,0,0,807,832,230,250,0,0,0,0,0,0,8,1,8,1,0,0,12,6,12.2,5,11
607b155c459cf45e913f93a6,0,0, , ,0,0,5.5,0,0,0,0,0,0,0,0,0,0,0,0,0,0, , , , , , , , , , , , , , , , , 
5f0e9896f5e4e11e12c8f5ac,1,0,62.33333333,83,60.33333333,53.5,4.5,24,26,12,12,6,6,0,0,0,0,3460,3093,480,500,0,0,0,0,0,0,0,0,0,0,0,0,0,0,0,0,0
6100073943fa0309e141f522,1,0,40,80,63.33333333,30,5,7,16,2,6,0,0,0,1,0,0,395,647,110,280,0,0,0,0,0,0,0,0,0,0,0,0,5,1,5,1,0
5e059d2bb1fb05fd1f841142,1,0,30,30,8.333333333,40,5.5,2,4,1,2,0,1,0,0,0,0,202,180,40,80,0,0,0,0,0,0,0,0,0,0,0,0,0,0,0,0,0
60aef480e194cd288065cf03,0,0, , ,6.666666667,0,6,0,0,0,0,0,0,0,0,0,0,0,0,0,0, , , , , , , , , , , , , , , , , 
5f898a035298a803c5a7b8d1,2,0,30,1,11.33333333,2,5.5,9,12,4,4,0,2,0,0,0,0,492,785,170,200,0,0,0,0,0,0,0,0,0,0,0,0,0,0,0,0,0
5fe4394bc5f99b194c31318b,3,0,24,17.5,29,21.5,3.5,13,19,5,6,4,2,2,2,0,0,732,903,230,310,0,0,0,0,0,0,18,2,18,2,0,0,20,2,20,2,0
608e875414e027cb3b277df1,3,0,1.666666667,4,0,0,5,13,22,8,6,0,1,1,3,0,0,1359,1884,290,340,0,0,0,0,0,0,9,1,9,1,0,0,11.33333333,3,11.33333333,3,0
611aead42e3b1db9a55ba597,1,0,22,21.5,10.33333333,8.5,4.5,5,11,3,4,0,0,1,2,1,0,576,707,110,190,0,0,0,0,0,0,15.66666667,3,15.5,2,16,1,13.5,2,13.5,2,0
58d7d2c2e9b6dc000129148a,1,0,58.33333333,12.5,48.33333333,2.5,6,18,27,8,12,3,6,1,1,2,0,1834,2192,340,510,0,0,0,0,0,0,21.6,5,33.33333333,3,4,2,12.66666667,3,18,1,10
5f40442792000717762de583,2,0,75.66666667,28,54.33333333,10.5,7,3,11,2,4,0,2,1,3,1,0,489,732,70,190,33,1,33,1,0,0,36.33333333,3,36.33333333,3,0,0,14.6,5,16.25,4,8
60d8c6bc9686529cdc824a49,3,0,0,0,0,0,3,6,16,3,6,0,0,0,0,0,0,481,839,120,280,0,0,0,0,0,0,0,0,0,0,0,0,0,0,0,0,0
5e850b0e390e520ec806b084,2,0,0,5,0,22.5,3.5,23,25,10,13,6,5,1,2,0,0,1108,1289,430,510,0,0,0,0,0,0,25,1,25,1,0,0,22.5,2,22.5,2,0
609122350e5b8e743ab41f79,2,0,7.333333333,0,0,0,5,8,8,1,2,0,0,4,5,1,2,647,548,100,120,0,0,0,0,0,0,16.83333333,6,15.4,5,24,1,17.25,8,17.25,8,0
5c4177c564c45700016a0f3e,3,0,40,0,36.66666667,0,4.5,0,0,0,0,0,0,0,0,0,0,99,176,0,0,0,0,0,0,0,0,22,2,0,0,22,2,9,1,0,0,9
61200d9dee82041bf3ae9bd3,1,0,53,56,54.66666667,59,3.5,7,3,3,2,0,0,0,1,0,0,762,925,130,70,0,0,0,0,0,0,0,0,0,0,0,0,14,1,14,1,0
5de2271ba8c7a62554fca29f,1,0,0,1.5,11.33333333,0,6.5,12,18,5,8,3,4,0,0,0,0,979,1236,220,340,0,0,0,0,0,0,0,0,0,0,0,0,0,0,0,0,0
60c24c8ec01a8596ba5c8b85,2,0,72.33333333,28,73.33333333,19,6,6,5,2,1,0,0,1,1,0,0,502,882,100,70,0,0,0,0,0,0,21.5,2,19,1,24,1,18,1,18,1,0
5d38dd61cd5594000137c4be,3,0,38.66666667,24.5,25,0.5,5,13,18,0,8,0,0,0,2,0,0,1047,1028,130,340,12,1,12,1,0,0,12,2,12,2,0,0,10,3,10,3,0
5d4a7036c068b4001d0beebe,3,0,4.333333333,4.5,2.666666667,2.5,3.5,0,4,2,3,0,0,0,1,0,0,623,728,40,100,0,0,0,0,0,0,0,0,0,0,0,0,9,1,9,1,0
6171da4573cf08b98b35ed1a,2,0,1.333333333,4,1.666666667,1,6,3,4,2,0,1,1,2,4,0,0,361,360,70,40,0,0,0,0,0,0,19,2,19,2,0,0,18,4,18,4,0
5c0727ff1d461400012b61ee,0,0, , ,3.333333333,9,5,0,0,0,0,0,0,0,0,0,0,0,0,0,0, , , , , , , , , , , , , , , , , 
6077afdfc5a87e629ae6fab1,3,0,0,0,1.333333333,0,3.5,11,10,6,2,2,2,3,3,0,0,568,648,230,140,0,0,0,0,0,0,14.66666667,3,14.66666667,3,0,0,12,3,12,3,0
6123aa51faadb8aac489d260,2,1,59.33333333,20.5,60,6.5,6.5,4,9,0,5,0,0,1,1,0,2,729,570,40,190,0,0,0,0,0,0,18.5,2,20,1,17,1,18.33333333,3,18.33333333,3,0
6153f53dc51ade521d3cbb20,3,0,0,0,0,0,6.5,0,5,0,1,0,0,0,0,3,0,862,760,0,70,0,0,0,0,0,0,16.5,4,12,3,30,1,0,0,0,0,0
60fda319d6d843f4541fb694,2,0,22,0,28,0,2.5,7,7,0,4,0,0,0,0,0,0,970,1094,70,150,0,0,0,0,0,0,0,0,0,0,0,0,0,0,0,0,0
5f8f46ff0b55a11953d90aa5,1,0,16.33333333,12.5,19.33333333,19.5,1.5,13,17,5,7,0,1,1,0,0,0,1668,1277,230,310,10,1,10,1,0,0,10,1,10,1,0,0,0,0,0,0,0
5d9f5c0702dca80018822b8e,1,0,13.33333333,50,0,0,1,12,11,6,8,2,1,2,0,0,0,1107,731,240,270,0,0,0,0,0,0,12,3,12,2,12,1,0,0,0,0,0
5e1545d9b1fb05b6369d13e8,3,0,58,24,32.33333333,4,5.5,0,1,1,4,0,1,0,1,0,0,485,428,20,90,13,1,0,0,13,1,34.5,2,34.5,2,0,0,17,1,17,1,0
610755393a5011a18f85b3a1,3,0,2,0,0.333333333,0,6.5,10,10,2,3,0,0,1,1,0,2,433,706,140,160,0,0,0,0,0,0,30.33333333,3,73,1,9,2,15,3,15,3,0
5dd3d566e05cad3b130de19a,1,1,0,88.5,0.333333333,45.5,4,7,7,1,7,1,1,1,1,1,1,904,1060,90,210,16,1,16,1,0,0,43.66666667,3,54,2,23,1,21.5,2,21.5,2,0
59a1ddac5dfd6b000152601f,3,1,3,0,0,0,3.5,19,26,5,9,0,1,1,0,0,0,1511,1863,290,440,39,1,39,1,0,0,19,1,19,1,0,0,0,0,0,0,0
58f3760092ac81000154f8af,2,0,40.33333333,0,0,0,5,10,16,5,8,0,1,7,5,0,0,1202,1520,200,320,0,0,0,0,0,0,12.14285714,7,12.14285714,7,0,0,13,5,13,5,0
5844812dc5bc3a0001a4d553,3,0,15.66666667,2.5,3,10,2.5,21,25,10,10,0,0,0,0,1,0,1213,1615,410,450,0,0,0,0,0,0,21,1,21,1,0,0,0,0,0,0,0
610b055ddd546163c00904e6,3,0,80.66666667,64,62.66666667,50.5,6,9,6,2,4,2,1,1,1,3,0,357,675,130,140,0,0,0,0,0,0,23,5,16,4,51,1,21,1,21,1,0
6105c41aa4fe602501d5a8cc,1,0,9.333333333,20.5,8.333333333,7.5,4,9,12,3,2,0,0,1,4,1,1,773,648,150,160,0,0,0,0,0,0,21,3,21,3,0,0,14.4,5,14.4,5,0
5ce6dc576ad4e5001e0978c8,3,0,0,2.5,0,0,5.5,5,6,2,5,0,0,0,1,0,0,469,1166,90,160,0,0,0,0,0,0,0,0,0,0,0,0,19,1,19,1,0
60ef4d541f9d5122ffad5d48,1,0,10.33333333,7,3.666666667,1,5,0,0,0,1,0,0,0,0,0,0,218,251,0,20,0,0,0,0,0,0,0,0,0,0,0,0,0,0,0,0,0
5e3f778e91be661ca60e3540,1,0,3,0,3,0,4,6,8,3,2,1,2,0,0,0,0,341,503,120,120,0,0,0,0,0,0,40,1,0,0,40,1,41,1,0,0,41
5beddd59e4dbf300011c1d50,2,0,3.666666667,0.5,2,0,5.5,12,14,7,9,0,0,1,0,0,0,763,983,260,320,0,0,0,0,0,0,19,1,19,1,0,0,0,0,0,0,0
5f1c2ebf1d8b7c48ad3ec3db,2,0,19.33333333,49.5,6.333333333,0.5,3.5,2,5,3,2,0,0,0,2,0,0,460,470,80,90,0,0,0,0,0,0,17,1,0,0,17,1,15.66666667,3,15.66666667,3,0
60721a45b75cb8f4b00abd05,2,1,0,0,0,0,2,14,19,4,7,2,5,2,1,0,0,940,1621,220,330,0,0,0,0,0,0,10.8,5,15.66666667,3,3.5,2,20,1,20,1,0
6112eed8fc24fa0d4e2c2b31,2,0,23.66666667,12.5,28,12.5,4.5,21,18,8,5,3,4,0,1,4,3,894,1051,370,280,0,0,0,0,0,0,16.75,4,16.75,4,0,0,16,4,16,4,0
6108165a2f33553f9d14df9d,3,0,2,0,0,0,4,9,13,5,8,1,4,1,0,2,2,882,854,190,290,16,1,16,1,0,0,22.66666667,3,22.66666667,3,0,0,21.5,2,21.5,2,0
5e5165d2f1ecb418da9c2db7,1,0,51.66666667,62,54.33333333,46,5,6,11,3,2,0,1,2,3,0,0,560,583,120,150,0,0,0,0,0,0,16,2,16,2,0,0,13.66666667,3,13.66666667,3,0
610071e6bedd92b87510d90d,3,0,0,2.5,0,0,5.5,10,12,5,8,3,6,1,1,0,0,719,1153,200,280,0,0,0,0,0,0,15,1,15,1,0,0,24,1,24,1,0
613d3cb06964f7c524a78ed0,3,0,50,7.5,26.66666667,2,6.5,7,4,3,1,0,1,2,3,0,0,343,347,130,60,0,0,0,0,0,0,17.5,2,17.5,2,0,0,15.66666667,3,15.66666667,3,0
5eb879035275547d0fcdd610,1,1,50.33333333,100,10,65,6.5,9,19,3,7,2,2,3,0,0,0,848,1161,150,330,0,0,0,0,0,0,14.75,4,14.75,4,0,0,0,0,0,0,0
6150924364cf0d25d3ecb2a7,1,1,0,0,0,0,4,2,9,3,3,0,0,2,0,1,0,614,805,80,150,0,0,0,0,0,0,21.66666667,3,21.66666667,3,0,0,0,0,0,0,0
614ffc34d8eff00bad1cbc0e,2,0,23,34,40.33333333,39.5,4,0,0,1,0,0,0,0,0,0,0,255,72,20,0,0,0,0,0,0,0,0,0,0,0,0,0,0,0,0,0,0
60a9b8f7b9748b9999090dd8,2,1,0,0,0,0,3,25,24,8,8,5,4,1,4,0,0,1758,1731,410,400,21,1,21,1,0,0,14.5,2,14.5,2,0,0,13,4,13,4,0
5e04b9be7adf4bf23f066a2a,2,1,6.333333333,0,0,0,5.5,9,11,6,4,0,0,0,0,0,0,659,788,210,190,0,0,0,0,0,0,0,0,0,0,0,0,0,0,0,0,0
5dd61a909ca8a35c14d8d610,3,1,0,1.5,0,0,2,2,0,0,1,0,0,0,0,0,0,196,195,20,20,0,0,0,0,0,0,43,2,0,0,43,2,50.5,2,0,0,50.5
5fed41e3e14422f5e308c6e5,3,0,10.33333333,40.5,10,15,1,19,20,6,7,3,4,0,0,0,0,997,1131,310,340,18,1,0,0,18,1,0,0,0,0,0,0,0,0,0,0,0
6081dada045150a0244f6534,2,0,27.33333333,12,44.33333333,7,5.5,18,18,7,7,4,3,3,5,0,0,1470,1999,320,320,0,0,0,0,0,0,19,3,19,3,0,0,12.6,5,12.6,5,0
6034badeb512f97ce3682dc7,3,0,3.333333333,17.5,0,5,4,13,11,5,3,3,2,4,4,3,3,729,859,230,170,45,1,45,1,0,0,21.42857143,7,21.42857143,7,0,0,22.71428571,7,25.66666667,6,5
5da25f04c8c2de00139ed46b,1,0,31,1.5,1.666666667,1,4,0,0,0,0,0,0,0,0,0,0,110,109,0,0,0,0,0,0,0,0,0,0,0,0,0,0,0,0,0,0,0
5df9d7c2451be5738da84e4d,1,1,0,10,0,0,2.5,24,27,9,11,3,5,2,0,0,0,2400,2092,420,490,11.33333333,3,11.33333333,3,0,0,11.5,2,11.5,2,0,0,0,0,0,0,0
5be9d049e1b58b0001e13001,3,1,13.33333333,10,10,5,4.5,22,24,12,12,6,4,0,0,0,0,1222,1481,460,480,0,0,0,0,0,0,0,0,0,0,0,0,0,0,0,0,0
60bea3dea79236a4c6a5bc61,1,0,51,90.5,16.66666667,45,4.5,16,20,8,8,1,0,1,1,0,0,1319,1374,320,360,0,0,0,0,0,0,24,1,24,1,0,0,9,1,9,1,0
60b6c87613dc76ae924ce0d0,3,0,50.66666667,2,50.33333333,1,2.5,2,4,1,0,0,0,0,0,0,0,253,474,40,40,0,0,0,0,0,0,0,0,0,0,0,0,0,0,0,0,0
604bd44cb5668ba12cc9376e,1,0,0,0,0,0,2.5,0,1,0,0,0,0,0,0,0,0,101,60,0,10,11,1,0,0,11,1,18,1,0,0,18,1,0,0,0,0,0
5b98d9362cca9c0001de161f,2,0,0,0,0,0,2.5,9,7,2,3,1,1,0,0,0,0,632,789,130,130,0,0,0,0,0,0,0,0,0,0,0,0,0,0,0,0,0
60fcda2818c2d1cdd55a18aa,2,0,20.66666667,11,20,10,2.5,22,17,8,11,3,3,0,0,0,0,839,1082,380,390,0,0,0,0,0,0,0,0,0,0,0,0,0,0,0,0,0
60fca6fcaae0897c708e0390,1,0,46,71.5,50,55,4,11,10,4,5,0,0,0,0,0,0,646,722,190,200,0,0,0,0,0,0,0,0,0,0,0,0,0,0,0,0,0
60fe1a7271f4d1a459e0fd5e,1,0,4.666666667,88,4.333333333,11,3.5,12,7,3,5,1,2,0,0,0,0,522,514,180,170,0,0,0,0,0,0,0,0,0,0,0,0,0,0,0,0,0
614e8b8fd294cc8571e9e06e,3,0,3,3.5,1,1,1,20,12,8,5,0,2,0,0,0,0,787,1016,360,220,0,0,0,0,0,0,0,0,0,0,0,0,0,0,0,0,0
617646d656a0115ca27ec794,1,0,0,49.5,0,18.5,3.5,18,25,8,8,3,4,1,3,1,0,1405,1923,340,410,19.5,2,34,1,5,1,23,4,27.66666667,3,9,1,11.75,4,15,3,2
60fcc00af3ec0d2d4b95c4be,3,1,3.333333333,25,0,0,5.5,14,14,5,4,4,2,2,1,1,3,825,890,240,220,11,1,11,1,0,0,12.5,4,12.5,4,0,0,7.833333333,6,9,4,5.5
5f4d53f96aa639a0d605052e,2,0,56.33333333,8,42.33333333,29,4,2,5,1,3,0,1,1,1,0,0,533,921,40,110,0,0,0,0,0,0,21,2,10,1,32,1,10,1,10,1,0
6114b8fcb9213dc753c040e7,2,0,15,2,8.333333333,1,5,7,13,3,6,0,0,4,5,1,2,639,849,130,250,54,1,54,1,0,0,32.8,5,29.5,4,46,1,16.14285714,7,16.14285714,7,0
61538b7670ffb62cff736908,2,0,2.333333333,2,8.666666667,1.5,5.5,2,1,1,0,0,0,0,1,0,0,144,189,40,10,19,2,0,0,19,2,10,1,10,1,0,0,14,3,14,3,0
59306fc35f170a00014358da,1,1,0,0,0,0,1,21,23,5,11,0,0,1,0,0,0,1192,1307,310,450,42,1,42,1,0,0,12.5,2,12.5,2,0,0,27,1,0,0,27
5a33d736bf4d770001e6097a,1,0,0,8,0,0,3.5,0,1,1,2,0,0,0,0,0,0,559,356,20,50,0,0,0,0,0,0,0,0,0,0,0,0,0,0,0,0,0
5e7f4d2ad29f7560f032abb9,2,0,12.66666667,0.5,19,0,4,18,25,8,7,4,4,0,0,0,0,1358,1431,340,390,0,0,0,0,0,0,0,0,0,0,0,0,0,0,0,0,0
60fcd0f990314dce9c243fef,2,0,6,7.5,8.333333333,1.5,2,10,15,8,9,3,4,0,1,0,0,973,1056,260,330,0,0,0,0,0,0,13,1,0,0,13,1,11,1,11,1,0
5d730a3cf37bfe0001ff031a,3,0,33.33333333,32,5.333333333,14,5,2,11,0,3,1,1,1,0,0,0,307,570,20,170,0,0,0,0,0,0,27,1,27,1,0,0,0,0,0,0,0
5e3dec90ce522506a9045e17,2,0,0,0,0,0,5,8,13,4,1,0,0,1,3,0,2,459,570,160,150,17,1,0,0,17,1,26,4,39,1,21.66666667,3,14,8,14,8,0
5ec9fb7d111ab7533578399d,1,1,0,17.5,26.66666667,0,1,21,28,9,9,0,0,1,0,2,0,1267,1373,390,460,14,1,14,1,0,0,14.66666667,3,14.66666667,3,0,0,23,1,23,1,0
5c02c3b20eb9aa00010dc4cc,3,0,4,10.5,5,11.5,3.5,23,22,10,10,2,6,1,0,0,0,1607,1653,430,420,25,1,25,1,0,0,18,1,18,1,0,0,0,0,0,0,0
60e4fb1c1f2200f3304c945d,1,0,23.66666667,17.5,42.33333333,46,5.5,0,0,0,0,0,0,0,0,1,1,137,346,0,0,0,0,0,0,0,0,9,2,7,1,11,1,16.5,2,8,1,25
60fd795a96e15917bb9966c9,1,0,61.66666667,42.5,78,52,6,0,0,0,0,0,0,0,0,0,0,0,1,0,0,0,0,0,0,0,0,0,0,0,0,0,0,23,1,0,0,23
610f326ceebada4236a67080,2,0,44.33333333,2,23,4.5,4,0,0,0,0,0,0,0,1,0,0,410,377,0,0,9,2,0,0,9,2,16,1,0,0,16,1,9.666666667,3,9.666666667,3,0
616f727b03e888e0f8213eec,3,0,16.66666667,5,10.33333333,0,6,0,17,0,6,0,0,0,0,0,0,0,1090,0,290,0,0,0,0,0,0,0,0,0,0,0,0,0,0,0,0,0
60b296b907e5c81c0ea774fb,2,0,44.66666667,10.5,27,40.5,5,0,0,0,0,0,0,0,0,0,0,108,253,0,0,0,0,0,0,0,0,15,1,0,0,15,1,52,1,0,0,52
61575be8af03376f466752b6,2,0,0,0,0,0.5,4,0,0,0,0,0,0,0,0,0,0,0,0,0,0, , , , , , , , , , , , , , , , , 
5de301515253b03390043d12,3,1,21.33333333,2,8,1,2,9,8,1,4,0,3,0,0,0,0,475,623,110,160,0,0,0,0,0,0,0,0,0,0,0,0,0,0,0,0,0
599b15bcd0bcd10001dd92d8,0,1, , ,23,2,5,0,0,0,0,0,0,0,0,0,0,0,0,0,0, , , , , , , , , , , , , , , , , 
603931b64d34b63fcd10a723,3,0,41,20,35,4,4.5,6,11,4,2,3,1,1,2,0,0,574,943,140,150,0,0,0,0,0,0,31,1,31,1,0,0,10.5,2,10.5,2,0
559b1e92fdf99b426abb6227, , , , , , , , , , , , , , , , , , , , , ,0,0,0,0,0,0,30.5,2,0,0,30.5,2, , , , , 
5ae5374253072800018d5c69, , , , , , , , , , , , , , , , , , , , , ,20,1,0,0,20,1,17.6,5,17.6,5,0,0,8,4,10,3,2
5bec5b873ffbad0001e8b968, , , , , , , , , , , , , , , , , , , , , ,0,0,0,0,0,0, , , , , , , , , , , 
5c9d2bed010c73001706aeaa, , , , , , , , , , , , , , , , , , , , , ,0,0,0,0,0,0, , , , , , , , , , , 
5cba1809102bd400130c19e7, , , , , , , , , , , , , , , , , , , , , ,3,1,0,0,3,1, , , , , , , , , , , 
5d9264f527fdac00158fd876, , , , , , , , , , , , , , , , , , , , , ,0,0,0,0,0,0,0,0,0,0,0,0, , , , , 
5dac4dad5e53cc001499f1f6, , , , , , , , , , , , , , , , , , , , , ,0,0,0,0,0,0, , , , , , , , , , , 
5dec01e809c107301c5e307f, , , , , , , , , , , , , , , , , , , , , ,159,1,159,1,0,0,0,0,0,0,0,0,0,0,0,0,0
5f51529b15e36638fe535eae, , , , , , , , , , , , , , , , , , , , , ,0,0,0,0,0,0, , , , , , , , , , , 
5f6c954679e95605af7b3e8a, , , , , , , , , , , , , , , , , , , , , ,0,0,0,0,0,0, , , , , , , , , , , 
5f79bca83a2eb65c0983816d, , , , , , , , , , , , , , , , , , , , , ,0,0,0,0,0,0,9,1,0,0,9,1, , , , , 
5fc2a0d812bc59000b746ee5, , , , , , , , , , , , , , , , , , , , , ,0,0,0,0,0,0, , , , , , , , , , , 
60d905d968d5d28e18ee58a1, , , , , , , , , , , , , , , , , , , , , ,0,0,0,0,0,0, , , , , , , , , , , 
610013cef98672c7216d4eea, , , , , , , , , , , , , , , , , , , , , ,0,0,0,0,0,0,32,1,0,0,32,1, , , , , 
61077b9f2886c6032a22ee9f, , , , , , , , , , , , , , , , , , , , , ,0,0,0,0,0,0,0,0,0,0,0,0, , , , , 
6108e0f394ea82edc8b1884a, , , , , , , , , , , , , , , , , , , , , ,0,0,0,0,0,0,5,1,0,0,5,1,13.33333333,3,13.33333333,3,0
611830fe665c7b68723910b3, , , , , , , , , , , , , , , , , , , , , ,0,0,0,0,0,0,21,1,21,1,0,0, , , , , 
6140a0bc4385f9f913a303d7, , , , , , , , , , , , , , , , , , , , , ,0,0,0,0,0,0, , , , , , , , , , , 
6142396b3b36fa4b899db516, , , , , , , , , , , , , , , , , , , , , ,0,0,0,0,0,0, , , , , , , , , , , 
614e50084109bcceada6945c, , , , , , , , , , , , , , , , , , , , , ,5,1,0,0,5,1,0,0,0,0,0,0, , , , , 
61565e791eafbce15194e0ac, , , , , , , , , , , , , , , , , , , , , ,0,0,0,0,0,0,0,0,0,0,0,0, , , , , 